AZ,Host,Chip,VM,Start,Length,Color,Inst.,Anti-Afinidad,HOST,host_chip,Requerimiento,Numero
AZ01,1,Chip 1,INFRA,17,3,#000000,0,1,1,1 - AZ01 - 1,0,
AZ01,1,Chip 2,CSCF PL,20,8,#02675F,1,1,1,1 - AZ01 - 1,29,17 de 29
AZ01,1,Chip 2,MTAS-1 PL,28,8,#F7C7AC,1,1,1,1 - AZ01 - 1,13,6 de 13
AZ01,1,Chip 2,INFRA,37,3,#000000,0,1,1,1 - AZ01 - 1,0,
AZ01,2,Chip 1,BGF SC+PL,0,5,#3F48CC,1,1,2,2 - AZ01 - 2,15,1 de 15
AZ01,2,Chip 1,SBG PL,5,10,#00A6A6,1,1,2,2 - AZ01 - 2,14,1 de 14
AZ01,2,Chip 1,INFRA,17,3,#000000,0,1,2,2 - AZ01 - 2,0,
AZ01,2,Chip 2,CSCF PL,20,8,#02675F,1,1,2,2 - AZ01 - 2,29,18 de 29
AZ01,2,Chip 2,MTAS-2 PL,28,8,#FADECE,2,1,2,2 - AZ01 - 2,13,9 de 13
AZ01,2,Chip 2,INFRA,37,3,#000000,0,1,2,2 - AZ01 - 2,0,
AZ01,3,Chip 1,PDRA PL,0,6,#FF7300,1,2,3,3 - AZ01 - 3,12,1 de 12
AZ01,3,Chip 1,SBG PL,6,10,#00A6A6,1,1,3,3 - AZ01 - 3,14,2 de 14
AZ01,3,Chip 1,INFRA,17,3,#000000,0,1,3,3 - AZ01 - 3,0,
AZ01,3,Chip 2,CSCF PL,20,8,#02675F,1,1,3,3 - AZ01 - 3,29,19 de 29
AZ01,3,Chip 2,MTAS-1 PL,28,8,#F7C7AC,1,1,3,3 - AZ01 - 3,13,7 de 13
AZ01,3,Chip 2,INFRA,37,3,#000000,0,1,3,3 - AZ01 - 3,0,
AZ01,4,Chip 1,CSCF PL,0,8,#02675F,1,1,4,4 - AZ01 - 4,29,1 de 29
AZ01,4,Chip 1,MTAS-1 PL,8,8,#F7C7AC,1,1,4,4 - AZ01 - 4,13,1 de 13
AZ01,4,Chip 1,INFRA,17,3,#000000,0,1,4,4 - AZ01 - 4,0,
AZ01,4,Chip 2,BGF SC+PL,20,5,#3F48CC,1,1,4,4 - AZ01 - 4,15,8 de 15
AZ01,4,Chip 2,PDRA PL,25,6,#FF7300,1,2,4,4 - AZ01 - 4,12,6 de 12
AZ01,4,Chip 2,PDRA PL,31,6,#FF7300,1,2,4,4 - AZ01 - 4,12,7 de 12
AZ01,4,Chip 2,INFRA,37,3,#000000,0,1,4,4 - AZ01 - 4,0,
AZ01,5,Chip 1,CSCF PL,0,8,#02675F,1,1,5,5 - AZ01 - 5,29,2 de 29
AZ01,5,Chip 1,MTAS-2 PL,8,8,#FADECE,2,1,5,5 - AZ01 - 5,13,1 de 13
AZ01,5,Chip 1,INFRA,17,3,#000000,0,1,5,5 - AZ01 - 5,0,
AZ01,5,Chip 2,BGF SC+PL,20,5,#3F48CC,1,1,5,5 - AZ01 - 5,15,9 de 15
AZ01,5,Chip 2,SBG PL,25,10,#00A6A6,1,1,5,5 - AZ01 - 5,14,7 de 14
AZ01,5,Chip 2,INFRA,37,3,#000000,0,1,5,5 - AZ01 - 5,0,
AZ01,6,Chip 1,CSCF PL,0,8,#02675F,1,1,6,6 - AZ01 - 6,29,3 de 29
AZ01,6,Chip 1,MTAS-2 PL,8,8,#FADECE,2,1,6,6 - AZ01 - 6,13,2 de 13
AZ01,6,Chip 1,INFRA,17,3,#000000,0,1,6,6 - AZ01 - 6,0,
AZ01,6,Chip 2,MTAS-1 PL,20,8,#F7C7AC,1,1,6,6 - AZ01 - 6,13,8 de 13
AZ01,6,Chip 2,CUDB SC,28,8,#004B49,1,1,6,6 - AZ01 - 6,2,1 de 2
AZ01,6,Chip 2,INFRA,37,3,#000000,0,1,6,6 - AZ01 - 6,0,
AZ01,7,Chip 1,BGF SC+PL,0,5,#3F48CC,1,1,7,7 - AZ01 - 7,15,2 de 15
AZ01,7,Chip 1,DRA PL,5,6,#FDD835,1,2,7,7 - AZ01 - 7,9,1 de 9
AZ01,7,Chip 1,DRA PL,11,6,#FDD835,1,2,7,7 - AZ01 - 7,9,2 de 9
AZ01,7,Chip 1,INFRA,17,3,#000000,0,1,7,7 - AZ01 - 7,0,
AZ01,7,Chip 2,CSCF PL,20,8,#02675F,1,1,7,7 - AZ01 - 7,29,20 de 29
AZ01,7,Chip 2,MTAS-1 PL,28,8,#F7C7AC,1,1,7,7 - AZ01 - 7,13,9 de 13
AZ01,7,Chip 2,INFRA,37,3,#000000,0,1,7,7 - AZ01 - 7,0,
AZ01,8,Chip 1,DRA PL,0,6,#FDD835,1,2,8,8 - AZ01 - 8,9,3 de 9
AZ01,8,Chip 1,SBG PL,6,10,#00A6A6,1,1,8,8 - AZ01 - 8,14,3 de 14
AZ01,8,Chip 1,INFRA,17,3,#000000,0,1,8,8 - AZ01 - 8,0,
AZ01,8,Chip 2,CSCF PL,20,8,#02675F,1,1,8,8 - AZ01 - 8,29,21 de 29
AZ01,8,Chip 2,MTAS-1 PL,28,8,#F7C7AC,1,1,8,8 - AZ01 - 8,13,10 de 13
AZ01,8,Chip 2,INFRA,37,3,#000000,0,1,8,8 - AZ01 - 8,0,
AZ01,9,Chip 1,CSCF PL,0,8,#02675F,1,1,9,9 - AZ01 - 9,29,4 de 29
AZ01,9,Chip 1,MTAS-2 PL,8,8,#FADECE,2,1,9,9 - AZ01 - 9,13,3 de 13
AZ01,9,Chip 1,INFRA,17,3,#000000,0,1,9,9 - AZ01 - 9,0,
AZ01,9,Chip 2,MRF SC+PL,20,17,#FF1493,1,1,9,9 - AZ01 - 9,3,2 de 3
AZ01,9,Chip 2,INFRA,37,3,#000000,0,1,9,9 - AZ01 - 9,0,
AZ01,10,Chip 1,CSCF PL,0,8,#02675F,1,1,10,10 - AZ01 - 10,29,5 de 29
AZ01,10,Chip 1,MTAS-1 PL,8,8,#F7C7AC,1,1,10,10 - AZ01 - 10,13,2 de 13
AZ01,10,Chip 1,INFRA,17,3,#000000,0,1,10,10 - AZ01 - 10,0,
AZ01,10,Chip 2,BGF SC+PL,20,5,#3F48CC,1,1,10,10 - AZ01 - 10,15,10 de 15
AZ01,10,Chip 2,SBG PL,25,10,#00A6A6,1,1,10,10 - AZ01 - 10,14,8 de 14
AZ01,10,Chip 2,INFRA,37,3,#000000,0,1,10,10 - AZ01 - 10,0,
AZ01,11,Chip 1,CSCF PL,0,8,#02675F,1,1,11,11 - AZ01 - 11,29,6 de 29
AZ01,11,Chip 1,INFRA,17,3,#000000,0,1,11,11 - AZ01 - 11,0,
AZ01,11,Chip 2,BGF SC+PL,20,5,#3F48CC,1,1,11,11 - AZ01 - 11,15,11 de 15
AZ01,11,Chip 2,SBG PL,25,10,#00A6A6,1,1,11,11 - AZ01 - 11,14,9 de 14
AZ01,11,Chip 2,INFRA,37,3,#000000,0,1,11,11 - AZ01 - 11,0,
AZ01,12,Chip 1,BGF SC+PL,0,5,#3F48CC,1,1,12,12 - AZ01 - 12,15,3 de 15
AZ01,12,Chip 1,DRA PL,5,6,#FDD835,1,2,12,12 - AZ01 - 12,9,4 de 9
AZ01,12,Chip 1,PDRA PL,11,6,#FF7300,1,2,12,12 - AZ01 - 12,12,2 de 12
AZ01,12,Chip 1,INFRA,17,3,#000000,0,1,12,12 - AZ01 - 12,0,
AZ01,12,Chip 2,CSCF PL,20,8,#02675F,1,1,12,12 - AZ01 - 12,29,22 de 29
AZ01,12,Chip 2,MTAS-1 PL,28,8,#F7C7AC,1,1,12,12 - AZ01 - 12,13,11 de 13
AZ01,12,Chip 2,INFRA,37,3,#000000,0,1,12,12 - AZ01 - 12,0,
AZ01,13,Chip 1,CSCF PL,0,8,#02675F,1,1,13,13 - AZ01 - 13,29,7 de 29
AZ01,13,Chip 1,PDRA PL,8,6,#FF7300,1,2,13,13 - AZ01 - 13,12,3 de 12
AZ01,13,Chip 1,INFRA,17,3,#000000,0,1,13,13 - AZ01 - 13,0,
AZ01,13,Chip 2,BGF SC+PL,20,5,#3F48CC,1,1,13,13 - AZ01 - 13,15,12 de 15
AZ01,13,Chip 2,SBG PL,25,10,#00A6A6,1,1,13,13 - AZ01 - 13,14,10 de 14
AZ01,13,Chip 2,INFRA,37,3,#000000,0,1,13,13 - AZ01 - 13,0,
AZ01,14,Chip 1,CSCF PL,0,8,#02675F,1,1,14,14 - AZ01 - 14,29,8 de 29
AZ01,14,Chip 1,MTAS-2 PL,8,8,#FADECE,2,1,14,14 - AZ01 - 14,13,4 de 13
AZ01,14,Chip 1,INFRA,17,3,#000000,0,1,14,14 - AZ01 - 14,0,
AZ01,14,Chip 2,PDRA PL,20,6,#FF7300,1,2,14,14 - AZ01 - 14,12,8 de 12
AZ01,14,Chip 2,SBG PL,26,10,#00A6A6,1,1,14,14 - AZ01 - 14,14,11 de 14
AZ01,14,Chip 2,INFRA,37,3,#000000,0,1,14,14 - AZ01 - 14,0,
AZ01,15,Chip 1,MTAS-1 PL,0,8,#F7C7AC,1,1,15,15 - AZ01 - 15,13,3 de 13
AZ01,15,Chip 1,PDRA PL,8,6,#FF7300,1,2,15,15 - AZ01 - 15,12,4 de 12
AZ01,15,Chip 1,INFRA,17,3,#000000,0,1,15,15 - AZ01 - 15,0,
AZ01,15,Chip 2,CSCF PL,20,8,#02675F,1,1,15,15 - AZ01 - 15,29,23 de 29
AZ01,15,Chip 2,MTAS-2 PL,28,8,#FADECE,2,1,15,15 - AZ01 - 15,13,10 de 13
AZ01,15,Chip 2,INFRA,37,3,#000000,0,1,15,15 - AZ01 - 15,0,
AZ01,16,Chip 1,PDRA PL,0,6,#FF7300,1,2,16,16 - AZ01 - 16,12,5 de 12
AZ01,16,Chip 1,SBG PL,6,10,#00A6A6,1,1,16,16 - AZ01 - 16,14,4 de 14
AZ01,16,Chip 1,INFRA,17,3,#000000,0,1,16,16 - AZ01 - 16,0,
AZ01,16,Chip 2,CSCF PL,20,8,#02675F,1,1,16,16 - AZ01 - 16,29,24 de 29
AZ01,16,Chip 2,PDRA PL,28,6,#FF7300,1,2,16,16 - AZ01 - 16,12,9 de 12
AZ01,16,Chip 2,INFRA,37,3,#000000,0,1,16,16 - AZ01 - 16,0,
AZ01,17,Chip 1,INFRA,17,3,#000000,0,1,17,17 - AZ01 - 17,0,
AZ01,17,Chip 2,CSCF PL,20,8,#02675F,1,1,17,17 - AZ01 - 17,29,25 de 29
AZ01,17,Chip 2,MTAS-1 PL,28,8,#F7C7AC,1,1,17,17 - AZ01 - 17,13,12 de 13
AZ01,17,Chip 2,INFRA,37,3,#000000,0,1,17,17 - AZ01 - 17,0,
AZ01,18,Chip 1,BGF SC+PL,0,5,#3F48CC,1,1,18,18 - AZ01 - 18,15,4 de 15
AZ01,18,Chip 1,CSCF PL,5,8,#02675F,1,1,18,18 - AZ01 - 18,29,9 de 29
AZ01,18,Chip 1,INFRA,17,3,#000000,0,1,18,18 - AZ01 - 18,0,
AZ01,18,Chip 2,DRA PL,20,6,#FDD835,1,2,18,18 - AZ01 - 18,9,8 de 9
AZ01,18,Chip 2,SBG PL,26,10,#00A6A6,1,1,18,18 - AZ01 - 18,14,12 de 14
AZ01,18,Chip 2,INFRA,37,3,#000000,0,1,18,18 - AZ01 - 18,0,
AZ01,19,Chip 1,BGF SC+PL,0,5,#3F48CC,1,1,19,19 - AZ01 - 19,15,5 de 15
AZ01,19,Chip 1,SBG PL,5,10,#00A6A6,1,1,19,19 - AZ01 - 19,14,5 de 14
AZ01,19,Chip 1,INFRA,17,3,#000000,0,1,19,19 - AZ01 - 19,0,
AZ01,19,Chip 2,CSCF PL,20,8,#02675F,1,1,19,19 - AZ01 - 19,29,26 de 29
AZ01,19,Chip 2,PDRA PL,28,6,#FF7300,1,2,19,19 - AZ01 - 19,12,10 de 12
AZ01,19,Chip 2,INFRA,37,3,#000000,0,1,19,19 - AZ01 - 19,0,
AZ01,20,Chip 1,CSCF PL,0,8,#02675F,1,1,20,20 - AZ01 - 20,29,10 de 29
AZ01,20,Chip 1,MTAS-2 PL,8,8,#FADECE,2,1,20,20 - AZ01 - 20,13,5 de 13
AZ01,20,Chip 1,INFRA,17,3,#000000,0,1,20,20 - AZ01 - 20,0,
AZ01,20,Chip 2,INFRA,37,3,#000000,0,1,20,20 - AZ01 - 20,0,
AZ01,21,Chip 1,CSCF PL,0,8,#02675F,1,1,21,21 - AZ01 - 21,29,11 de 29
AZ01,21,Chip 1,MTAS-1 PL,8,8,#F7C7AC,1,1,21,21 - AZ01 - 21,13,4 de 13
AZ01,21,Chip 1,INFRA,17,3,#000000,0,1,21,21 - AZ01 - 21,0,
AZ01,21,Chip 2,DRA PL,20,6,#FDD835,1,2,21,21 - AZ01 - 21,9,9 de 9
AZ01,21,Chip 2,SBG PL,26,10,#00A6A6,1,1,21,21 - AZ01 - 21,14,13 de 14
AZ01,21,Chip 2,INFRA,37,3,#000000,0,1,21,21 - AZ01 - 21,0,
AZ01,22,Chip 1,MRF SC+PL,0,17,#FF1493,1,1,22,22 - AZ01 - 22,3,1 de 3
AZ01,22,Chip 1,INFRA,17,3,#000000,0,1,22,22 - AZ01 - 22,0,
AZ01,22,Chip 2,CSCF PL,20,8,#02675F,1,1,22,22 - AZ01 - 22,29,27 de 29
AZ01,22,Chip 2,MTAS-1 PL,28,8,#F7C7AC,1,1,22,22 - AZ01 - 22,13,13 de 13
AZ01,22,Chip 2,INFRA,37,3,#000000,0,1,22,22 - AZ01 - 22,0,
AZ01,23,Chip 1,CSCF PL,0,8,#02675F,1,1,23,23 - AZ01 - 23,29,12 de 29
AZ01,23,Chip 1,DRA PL,8,6,#FDD835,1,2,23,23 - AZ01 - 23,9,5 de 9
AZ01,23,Chip 1,INFRA,17,3,#000000,0,1,23,23 - AZ01 - 23,0,
AZ01,23,Chip 2,BGF SC+PL,20,5,#3F48CC,1,1,23,23 - AZ01 - 23,15,13 de 15
AZ01,23,Chip 2,MTAS-2 PL,25,8,#FADECE,2,1,23,23 - AZ01 - 23,13,11 de 13
AZ01,23,Chip 2,INFRA,37,3,#000000,0,1,23,23 - AZ01 - 23,0,
AZ01,24,Chip 1,CSCF PL,0,8,#02675F,1,1,24,24 - AZ01 - 24,29,13 de 29
AZ01,24,Chip 1,MTAS-2 PL,8,8,#FADECE,2,1,24,24 - AZ01 - 24,13,6 de 13
AZ01,24,Chip 1,INFRA,17,3,#000000,0,1,24,24 - AZ01 - 24,0,
AZ01,24,Chip 2,MRF SC+PL,20,17,#FF1493,1,1,24,24 - AZ01 - 24,3,3 de 3
AZ01,24,Chip 2,INFRA,37,3,#000000,0,1,24,24 - AZ01 - 24,0,
AZ01,25,Chip 1,CSCF PL,0,8,#02675F,1,1,25,25 - AZ01 - 25,29,14 de 29
AZ01,25,Chip 1,MTAS-1 PL,8,8,#F7C7AC,1,1,25,25 - AZ01 - 25,13,5 de 13
AZ01,25,Chip 1,INFRA,17,3,#000000,0,1,25,25 - AZ01 - 25,0,
AZ01,25,Chip 2,BGF SC+PL,20,5,#3F48CC,1,1,25,25 - AZ01 - 25,15,14 de 15
AZ01,25,Chip 2,PDRA PL,25,6,#FF7300,1,2,25,25 - AZ01 - 25,12,11 de 12
AZ01,25,Chip 2,PDRA PL,31,6,#FF7300,1,2,25,25 - AZ01 - 25,12,12 de 12
AZ01,25,Chip 2,INFRA,37,3,#000000,0,1,25,25 - AZ01 - 25,0,
AZ01,26,Chip 1,BGF SC+PL,0,5,#3F48CC,1,1,26,26 - AZ01 - 26,15,6 de 15
AZ01,26,Chip 1,SBG PL,5,10,#00A6A6,1,1,26,26 - AZ01 - 26,14,6 de 14
AZ01,26,Chip 1,INFRA,17,3,#000000,0,1,26,26 - AZ01 - 26,0,
AZ01,26,Chip 2,CSCF PL,20,8,#02675F,1,1,26,26 - AZ01 - 26,29,28 de 29
AZ01,26,Chip 2,MTAS-2 PL,28,8,#FADECE,2,1,26,26 - AZ01 - 26,13,12 de 13
AZ01,26,Chip 2,INFRA,37,3,#000000,0,1,26,26 - AZ01 - 26,0,
AZ01,27,Chip 1,CSCF PL,0,8,#02675F,1,1,27,27 - AZ01 - 27,29,15 de 29
AZ01,27,Chip 1,MTAS-2 PL,8,8,#FADECE,2,1,27,27 - AZ01 - 27,13,7 de 13
AZ01,27,Chip 1,INFRA,17,3,#000000,0,1,27,27 - AZ01 - 27,0,
AZ01,27,Chip 2,INFRA,37,3,#000000,0,1,27,27 - AZ01 - 27,0,
AZ01,28,Chip 1,CSCF PL,0,8,#02675F,1,1,28,28 - AZ01 - 28,29,16 de 29
AZ01,28,Chip 1,MTAS-2 PL,8,8,#FADECE,2,1,28,28 - AZ01 - 28,13,8 de 13
AZ01,28,Chip 1,INFRA,17,3,#000000,0,1,28,28 - AZ01 - 28,0,
AZ01,28,Chip 2,BGF SC+PL,20,5,#3F48CC,1,1,28,28 - AZ01 - 28,15,15 de 15
AZ01,28,Chip 2,SBG PL,25,10,#00A6A6,1,1,28,28 - AZ01 - 28,14,14 de 14
AZ01,28,Chip 2,INFRA,37,3,#000000,0,1,28,28 - AZ01 - 28,0,
AZ01,29,Chip 1,BGF SC+PL,0,5,#3F48CC,1,1,29,29 - AZ01 - 29,15,7 de 15
AZ01,29,Chip 1,DRA PL,5,6,#FDD835,1,2,29,29 - AZ01 - 29,9,6 de 9
AZ01,29,Chip 1,DRA PL,11,6,#FDD835,1,2,29,29 - AZ01 - 29,9,7 de 9
AZ01,29,Chip 1,INFRA,17,3,#000000,0,1,29,29 - AZ01 - 29,0,
AZ01,29,Chip 2,CSCF PL,20,8,#02675F,1,1,29,29 - AZ01 - 29,29,29 de 29
AZ01,29,Chip 2,MTAS-2 PL,28,8,#FADECE,2,1,29,29 - AZ01 - 29,13,13 de 13
AZ01,29,Chip 2,INFRA,37,3,#000000,0,1,29,29 - AZ01 - 29,0,
AZ02,1,Chip 1,EPG-U SFOU,0,16,#1E88E5,1,2,30,30 - AZ02 - 1,26,1 de 26
AZ02,1,Chip 1,INFRA,17,3,#000000,0,1,30,30 - AZ02 - 1,0,
AZ02,1,Chip 2,EPG-U SFOU,20,16,#1E88E5,1,2,30,30 - AZ02 - 1,26,14 de 26
AZ02,1,Chip 2,INFRA,37,3,#000000,0,1,30,30 - AZ02 - 1,0,
AZ02,2,Chip 1,EPG-U SFOU,0,16,#1E88E5,1,2,31,31 - AZ02 - 2,26,2 de 26
AZ02,2,Chip 1,INFRA,17,3,#000000,0,1,31,31 - AZ02 - 2,0,
AZ02,2,Chip 2,EPG-U SFOU,20,16,#1E88E5,1,2,31,31 - AZ02 - 2,26,15 de 26
AZ02,2,Chip 2,INFRA,37,3,#000000,0,1,31,31 - AZ02 - 2,0,
AZ02,3,Chip 1,EPG-U SFOU,0,16,#1E88E5,1,2,32,32 - AZ02 - 3,26,3 de 26
AZ02,3,Chip 1,INFRA,17,3,#000000,0,1,32,32 - AZ02 - 3,0,
AZ02,3,Chip 2,EPG-U SFOU,20,16,#1E88E5,1,2,32,32 - AZ02 - 3,26,16 de 26
AZ02,3,Chip 2,INFRA,37,3,#000000,0,1,32,32 - AZ02 - 3,0,
AZ02,4,Chip 1,EPG-U SFOU,0,16,#1E88E5,1,2,33,33 - AZ02 - 4,26,4 de 26
AZ02,4,Chip 1,INFRA,17,3,#000000,0,1,33,33 - AZ02 - 4,0,
AZ02,4,Chip 2,EPG-U SFOU,20,16,#1E88E5,1,2,33,33 - AZ02 - 4,26,17 de 26
AZ02,4,Chip 2,INFRA,37,3,#000000,0,1,33,33 - AZ02 - 4,0,
AZ02,5,Chip 1,EPG-U SFOU,0,16,#1E88E5,1,2,34,34 - AZ02 - 5,26,5 de 26
AZ02,5,Chip 1,INFRA,17,3,#000000,0,1,34,34 - AZ02 - 5,0,
AZ02,5,Chip 2,EPG-U SFOU,20,16,#1E88E5,1,2,34,34 - AZ02 - 5,26,18 de 26
AZ02,5,Chip 2,INFRA,37,3,#000000,0,1,34,34 - AZ02 - 5,0,
AZ02,6,Chip 1,EPG-U SFOU,0,16,#1E88E5,1,2,35,35 - AZ02 - 6,26,6 de 26
AZ02,6,Chip 1,INFRA,17,3,#000000,0,1,35,35 - AZ02 - 6,0,
AZ02,6,Chip 2,EPG-U SFOU,20,16,#1E88E5,1,2,35,35 - AZ02 - 6,26,19 de 26
AZ02,6,Chip 2,INFRA,37,3,#000000,0,1,35,35 - AZ02 - 6,0,
AZ02,7,Chip 1,EPG-U SFOU,0,16,#1E88E5,1,2,36,36 - AZ02 - 7,26,7 de 26
AZ02,7,Chip 1,INFRA,17,3,#000000,0,1,36,36 - AZ02 - 7,0,
AZ02,7,Chip 2,EPG-U SFOU,20,16,#1E88E5,1,2,36,36 - AZ02 - 7,26,20 de 26
AZ02,7,Chip 2,INFRA,37,3,#000000,0,1,36,36 - AZ02 - 7,0,
AZ02,8,Chip 1,EPG-U SFOU,0,16,#1E88E5,1,2,37,37 - AZ02 - 8,26,8 de 26
AZ02,8,Chip 1,INFRA,17,3,#000000,0,1,37,37 - AZ02 - 8,0,
AZ02,8,Chip 2,EPG-U SFOU,20,16,#1E88E5,1,2,37,37 - AZ02 - 8,26,21 de 26
AZ02,8,Chip 2,INFRA,37,3,#000000,0,1,37,37 - AZ02 - 8,0,
AZ02,9,Chip 1,EPG-U SFOU,0,16,#1E88E5,1,2,38,38 - AZ02 - 9,26,9 de 26
AZ02,9,Chip 1,INFRA,17,3,#000000,0,1,38,38 - AZ02 - 9,0,
AZ02,9,Chip 2,EPG-U SFOU,20,16,#1E88E5,1,2,38,38 - AZ02 - 9,26,22 de 26
AZ02,9,Chip 2,INFRA,37,3,#000000,0,1,38,38 - AZ02 - 9,0,
AZ02,10,Chip 1,EPG-U SFOU,0,16,#1E88E5,1,2,39,39 - AZ02 - 10,26,10 de 26
AZ02,10,Chip 1,INFRA,17,3,#000000,0,1,39,39 - AZ02 - 10,0,
AZ02,10,Chip 2,EPG-U SFOU,20,16,#1E88E5,1,2,39,39 - AZ02 - 10,26,23 de 26
AZ02,10,Chip 2,INFRA,37,3,#000000,0,1,39,39 - AZ02 - 10,0,
AZ02,11,Chip 1,EPG-U SFOU,0,16,#1E88E5,1,2,40,40 - AZ02 - 11,26,11 de 26
AZ02,11,Chip 1,INFRA,17,3,#000000,0,1,40,40 - AZ02 - 11,0,
AZ02,11,Chip 2,EPG-U SFOU,20,16,#1E88E5,1,2,40,40 - AZ02 - 11,26,24 de 26
AZ02,11,Chip 2,INFRA,37,3,#000000,0,1,40,40 - AZ02 - 11,0,
AZ02,12,Chip 1,EPG-U SFOU,0,16,#1E88E5,1,2,41,41 - AZ02 - 12,26,12 de 26
AZ02,12,Chip 1,INFRA,17,3,#000000,0,1,41,41 - AZ02 - 12,0,
AZ02,12,Chip 2,EPG-U SFOU,20,16,#1E88E5,1,2,41,41 - AZ02 - 12,26,25 de 26
AZ02,12,Chip 2,INFRA,37,3,#000000,0,1,41,41 - AZ02 - 12,0,
AZ02,13,Chip 1,EPG-U SFOU,0,16,#1E88E5,1,2,42,42 - AZ02 - 13,26,13 de 26
AZ02,13,Chip 1,INFRA,17,3,#000000,0,1,42,42 - AZ02 - 13,0,
AZ02,13,Chip 2,EPG-U SFOU,20,16,#1E88E5,1,2,42,42 - AZ02 - 13,26,26 de 26
AZ02,13,Chip 2,INFRA,37,3,#000000,0,1,42,42 - AZ02 - 13,0,
AZ03,1,Chip 1,HSS-FE PL,0,8,#43A047,1,4,43,43 - AZ03 - 1,12,1 de 12
AZ03,1,Chip 1,HSS-FE PL,8,8,#43A047,1,4,43,43 - AZ03 - 1,12,2 de 12
AZ03,1,Chip 1,INFRA,17,3,#000000,0,1,43,43 - AZ03 - 1,0,
AZ03,1,Chip 2,EDA PN,20,5,#8B5E3C,1,1,43,43 - AZ03 - 1,3,3 de 3
AZ03,1,Chip 2,INFRA,37,3,#000000,0,1,43,43 - AZ03 - 1,0,
AZ03,2,Chip 1,HSS-FE PL,0,8,#43A047,1,4,44,44 - AZ03 - 2,12,3 de 12
AZ03,2,Chip 1,HSS-FE PL,8,8,#43A047,1,4,44,44 - AZ03 - 2,12,4 de 12
AZ03,2,Chip 1,INFRA,17,3,#000000,0,1,44,44 - AZ03 - 2,0,
AZ03,2,Chip 2,HLR-FE PL SPX - CP,20,2,#8BC34A,1,1,44,44 - AZ03 - 2,2,1 de 2
AZ03,2,Chip 2,HLR-FE PL Traffic - BC,22,5,#8BC34A,1,1,44,44 - AZ03 - 2,3,2 de 3
AZ03,2,Chip 2,HSS-FE PL,27,8,#43A047,1,4,44,44 - AZ03 - 2,12,8 de 12
AZ03,2,Chip 2,INFRA,37,3,#000000,0,1,44,44 - AZ03 - 2,0,
AZ03,3,Chip 1,EDA PN,0,5,#8B5E3C,1,1,45,45 - AZ03 - 3,3,1 de 3
AZ03,3,Chip 1,HLR-FE PL Traffic - BC,5,5,#8BC34A,1,1,45,45 - AZ03 - 3,3,1 de 3
AZ03,3,Chip 1,INFRA,17,3,#000000,0,1,45,45 - AZ03 - 3,0,
AZ03,3,Chip 2,HSS-FE PL,20,8,#43A047,1,4,45,45 - AZ03 - 3,12,9 de 12
AZ03,3,Chip 2,HSS-FE PL,28,8,#43A047,1,4,45,45 - AZ03 - 3,12,10 de 12
AZ03,3,Chip 2,INFRA,37,3,#000000,0,1,45,45 - AZ03 - 3,0,
AZ03,4,Chip 1,EDA PN,0,5,#8B5E3C,1,1,46,46 - AZ03 - 4,3,2 de 3
AZ03,4,Chip 1,HSS-FE PL,5,8,#43A047,1,4,46,46 - AZ03 - 4,12,5 de 12
AZ03,4,Chip 1,INFRA,17,3,#000000,0,1,46,46 - AZ03 - 4,0,
AZ03,4,Chip 2,HLR-FE PL SPX - CP,20,2,#8BC34A,1,1,46,46 - AZ03 - 4,2,2 de 2
AZ03,4,Chip 2,HLR-FE PL Traffic - BC,22,5,#8BC34A,1,1,46,46 - AZ03 - 4,3,3 de 3
AZ03,4,Chip 2,CUDB SC,27,8,#004B49,1,1,46,46 - AZ03 - 4,2,2 de 2
AZ03,4,Chip 2,INFRA,37,3,#000000,0,1,46,46 - AZ03 - 4,0,
AZ03,5,Chip 1,HSS-FE PL,0,8,#43A047,1,4,47,47 - AZ03 - 5,12,6 de 12
AZ03,5,Chip 1,HSS-FE PL,8,8,#43A047,1,4,47,47 - AZ03 - 5,12,7 de 12
AZ03,5,Chip 1,INFRA,17,3,#000000,0,1,47,47 - AZ03 - 5,0,
AZ03,5,Chip 2,HSS-FE PL,20,8,#43A047,1,4,47,47 - AZ03 - 5,12,11 de 12
AZ03,5,Chip 2,HSS-FE PL,28,8,#43A047,1,4,47,47 - AZ03 - 5,12,12 de 12
AZ03,5,Chip 2,INFRA,37,3,#000000,0,1,47,47 - AZ03 - 5,0,
AZ08,1,Chip 1,SGSN-MME GPB/LC,0,17,#B2005F,1,2,48,48 - AZ08 - 1,19,1 de 19
AZ08,1,Chip 1,INFRA,17,3,#000000,0,1,48,48 - AZ08 - 1,0,
AZ08,1,Chip 2,SAPC-PCRF TP,20,17,#27408B,1,1,48,48 - AZ08 - 1,30,13 de 30
AZ08,1,Chip 2,INFRA,37,3,#000000,0,1,48,48 - AZ08 - 1,0,
AZ08,2,Chip 1,SAPC-PCRF TP,0,17,#27408B,1,1,49,49 - AZ08 - 2,30,1 de 30
AZ08,2,Chip 1,INFRA,17,3,#000000,0,1,49,49 - AZ08 - 2,0,
AZ08,2,Chip 2,SGSN-MME GPB/LC,20,17,#B2005F,1,2,49,49 - AZ08 - 2,19,12 de 19
AZ08,2,Chip 2,INFRA,37,3,#000000,0,1,49,49 - AZ08 - 2,0,
AZ08,3,Chip 1,SAPC-PCRF TP,0,17,#27408B,1,1,50,50 - AZ08 - 3,30,2 de 30
AZ08,3,Chip 1,INFRA,17,3,#000000,0,1,50,50 - AZ08 - 3,0,
AZ08,3,Chip 2,SGSN-MME GPB/LC,20,17,#B2005F,1,2,50,50 - AZ08 - 3,19,13 de 19
AZ08,3,Chip 2,INFRA,37,3,#000000,0,1,50,50 - AZ08 - 3,0,
AZ08,4,Chip 1,SGSN-MME GPB/LC,0,17,#B2005F,1,2,51,51 - AZ08 - 4,19,2 de 19
AZ08,4,Chip 1,INFRA,17,3,#000000,0,1,51,51 - AZ08 - 4,0,
AZ08,4,Chip 2,SAPC-PCRF TP,20,17,#27408B,1,1,51,51 - AZ08 - 4,30,14 de 30
AZ08,4,Chip 2,INFRA,37,3,#000000,0,1,51,51 - AZ08 - 4,0,
AZ08,5,Chip 1,SGSN-MME GPB/LC,0,17,#B2005F,1,2,52,52 - AZ08 - 5,19,3 de 19
AZ08,5,Chip 1,INFRA,17,3,#000000,0,1,52,52 - AZ08 - 5,0,
AZ08,5,Chip 2,SAPC-PCRF TP,20,17,#27408B,1,1,52,52 - AZ08 - 5,30,15 de 30
AZ08,5,Chip 2,INFRA,37,3,#000000,0,1,52,52 - AZ08 - 5,0,
AZ08,6,Chip 1,SAPC-PCRF TP,0,17,#27408B,1,1,53,53 - AZ08 - 6,30,3 de 30
AZ08,6,Chip 1,INFRA,17,3,#000000,0,1,53,53 - AZ08 - 6,0,
AZ08,6,Chip 2,SGSN-MME GPB/LC,20,17,#B2005F,1,2,53,53 - AZ08 - 6,19,14 de 19
AZ08,6,Chip 2,INFRA,37,3,#000000,0,1,53,53 - AZ08 - 6,0,
AZ08,7,Chip 1,EPG-C SFOC,0,17,#00BFFF,1,2,54,54 - AZ08 - 7,8,1 de 8
AZ08,7,Chip 1,INFRA,17,3,#000000,0,1,54,54 - AZ08 - 7,0,
AZ08,7,Chip 2,SAPC-PCRF TP,20,17,#27408B,1,1,54,54 - AZ08 - 7,30,16 de 30
AZ08,7,Chip 2,INFRA,37,3,#000000,0,1,54,54 - AZ08 - 7,0,
AZ08,8,Chip 1,SGSN-MME GPB/LC,0,17,#B2005F,1,2,55,55 - AZ08 - 8,19,4 de 19
AZ08,8,Chip 1,INFRA,17,3,#000000,0,1,55,55 - AZ08 - 8,0,
AZ08,8,Chip 2,SAPC-PCRF TP,20,17,#27408B,1,1,55,55 - AZ08 - 8,30,17 de 30
AZ08,8,Chip 2,INFRA,37,3,#000000,0,1,55,55 - AZ08 - 8,0,
AZ08,9,Chip 1,SGSN-MME GPB/LC,0,17,#B2005F,1,2,56,56 - AZ08 - 9,19,5 de 19
AZ08,9,Chip 1,INFRA,17,3,#000000,0,1,56,56 - AZ08 - 9,0,
AZ08,9,Chip 2,SAPC-PCRF TP,20,17,#27408B,1,1,56,56 - AZ08 - 9,30,18 de 30
AZ08,9,Chip 2,INFRA,37,3,#000000,0,1,56,56 - AZ08 - 9,0,
AZ08,10,Chip 1,SGSN-MME GPB/LC,0,17,#B2005F,1,2,57,57 - AZ08 - 10,19,6 de 19
AZ08,10,Chip 1,INFRA,17,3,#000000,0,1,57,57 - AZ08 - 10,0,
AZ08,10,Chip 2,SAPC-PCRF TP,20,17,#27408B,1,1,57,57 - AZ08 - 10,30,19 de 30
AZ08,10,Chip 2,INFRA,37,3,#000000,0,1,57,57 - AZ08 - 10,0,
AZ08,11,Chip 1,SAPC-PCRF TP,0,17,#27408B,1,1,58,58 - AZ08 - 11,30,4 de 30
AZ08,11,Chip 1,INFRA,17,3,#000000,0,1,58,58 - AZ08 - 11,0,
AZ08,11,Chip 2,EPG-C SFOC,20,17,#00BFFF,1,2,58,58 - AZ08 - 11,8,6 de 8
AZ08,11,Chip 2,INFRA,37,3,#000000,0,1,58,58 - AZ08 - 11,0,
AZ08,12,Chip 1,SAPC-PCRF TP,0,17,#27408B,1,1,59,59 - AZ08 - 12,30,5 de 30
AZ08,12,Chip 1,INFRA,17,3,#000000,0,1,59,59 - AZ08 - 12,0,
AZ08,12,Chip 2,SGSN-MME GPB/LC,20,17,#B2005F,1,2,59,59 - AZ08 - 12,19,15 de 19
AZ08,12,Chip 2,INFRA,37,3,#000000,0,1,59,59 - AZ08 - 12,0,
AZ08,13,Chip 1,INFRA,17,3,#000000,0,1,60,60 - AZ08 - 13,0,
AZ08,13,Chip 2,SAPC-PCRF TP,20,17,#27408B,1,1,60,60 - AZ08 - 13,30,20 de 30
AZ08,13,Chip 2,INFRA,37,3,#000000,0,1,60,60 - AZ08 - 13,0,
AZ08,14,Chip 1,SGSN-MME GPB/LC,0,17,#B2005F,1,2,61,61 - AZ08 - 14,19,7 de 19
AZ08,14,Chip 1,INFRA,17,3,#000000,0,1,61,61 - AZ08 - 14,0,
AZ08,14,Chip 2,SAPC-PCRF TP,20,17,#27408B,1,1,61,61 - AZ08 - 14,30,21 de 30
AZ08,14,Chip 2,INFRA,37,3,#000000,0,1,61,61 - AZ08 - 14,0,
AZ08,15,Chip 1,SAPC-PCRF TP,0,17,#27408B,1,1,62,62 - AZ08 - 15,30,6 de 30
AZ08,15,Chip 1,INFRA,17,3,#000000,0,1,62,62 - AZ08 - 15,0,
AZ08,15,Chip 2,SGSN-MME GPB/LC,20,17,#B2005F,1,2,62,62 - AZ08 - 15,19,16 de 19
AZ08,15,Chip 2,INFRA,37,3,#000000,0,1,62,62 - AZ08 - 15,0,
AZ08,16,Chip 1,SGSN-MME GPB/LC,0,17,#B2005F,1,2,63,63 - AZ08 - 16,19,8 de 19
AZ08,16,Chip 1,INFRA,17,3,#000000,0,1,63,63 - AZ08 - 16,0,
AZ08,16,Chip 2,SAPC-PCRF TP,20,17,#27408B,1,1,63,63 - AZ08 - 16,30,22 de 30
AZ08,16,Chip 2,INFRA,37,3,#000000,0,1,63,63 - AZ08 - 16,0,
AZ08,17,Chip 1,SAPC-PCRF TP,0,17,#27408B,1,1,64,64 - AZ08 - 17,30,7 de 30
AZ08,17,Chip 1,INFRA,17,3,#000000,0,1,64,64 - AZ08 - 17,0,
AZ08,17,Chip 2,INFRA,37,3,#000000,0,1,64,64 - AZ08 - 17,0,
AZ08,18,Chip 1,EPG-C SFOC,0,17,#00BFFF,1,2,65,65 - AZ08 - 18,8,2 de 8
AZ08,18,Chip 1,INFRA,17,3,#000000,0,1,65,65 - AZ08 - 18,0,
AZ08,18,Chip 2,SAPC-PCRF TP,20,17,#27408B,1,1,65,65 - AZ08 - 18,30,23 de 30
AZ08,18,Chip 2,INFRA,37,3,#000000,0,1,65,65 - AZ08 - 18,0,
AZ08,19,Chip 1,SAPC-PCRF TP,0,17,#27408B,1,1,66,66 - AZ08 - 19,30,8 de 30
AZ08,19,Chip 1,INFRA,17,3,#000000,0,1,66,66 - AZ08 - 19,0,
AZ08,19,Chip 2,EPG-C SFOC,20,17,#00BFFF,1,2,66,66 - AZ08 - 19,8,7 de 8
AZ08,19,Chip 2,INFRA,37,3,#000000,0,1,66,66 - AZ08 - 19,0,
AZ08,20,Chip 1,EPG-C SFOC,0,17,#00BFFF,1,2,67,67 - AZ08 - 20,8,3 de 8
AZ08,20,Chip 1,INFRA,17,3,#000000,0,1,67,67 - AZ08 - 20,0,
AZ08,20,Chip 2,SAPC-PCRF TP,20,17,#27408B,1,1,67,67 - AZ08 - 20,30,24 de 30
AZ08,20,Chip 2,INFRA,37,3,#000000,0,1,67,67 - AZ08 - 20,0,
AZ08,21,Chip 1,SAPC-PCRF TP,0,17,#27408B,1,1,68,68 - AZ08 - 21,30,9 de 30
AZ08,21,Chip 1,INFRA,17,3,#000000,0,1,68,68 - AZ08 - 21,0,
AZ08,21,Chip 2,EPG-C SFOC,20,17,#00BFFF,1,2,68,68 - AZ08 - 21,8,8 de 8
AZ08,21,Chip 2,INFRA,37,3,#000000,0,1,68,68 - AZ08 - 21,0,
AZ08,22,Chip 1,SAPC-PCRF TP,0,17,#27408B,1,1,69,69 - AZ08 - 22,30,10 de 30
AZ08,22,Chip 1,INFRA,17,3,#000000,0,1,69,69 - AZ08 - 22,0,
AZ08,22,Chip 2,SGSN-MME GPB/LC,20,17,#B2005F,1,2,69,69 - AZ08 - 22,19,17 de 19
AZ08,22,Chip 2,INFRA,37,3,#000000,0,1,69,69 - AZ08 - 22,0,
AZ08,23,Chip 1,SGSN-MME GPB/LC,0,17,#B2005F,1,2,70,70 - AZ08 - 23,19,9 de 19
AZ08,23,Chip 1,INFRA,17,3,#000000,0,1,70,70 - AZ08 - 23,0,
AZ08,23,Chip 2,SAPC-PCRF TP,20,17,#27408B,1,1,70,70 - AZ08 - 23,30,25 de 30
AZ08,23,Chip 2,INFRA,37,3,#000000,0,1,70,70 - AZ08 - 23,0,
AZ08,24,Chip 1,EPG-C SFOC,0,17,#00BFFF,1,2,71,71 - AZ08 - 24,8,4 de 8
AZ08,24,Chip 1,INFRA,17,3,#000000,0,1,71,71 - AZ08 - 24,0,
AZ08,24,Chip 2,SAPC-PCRF TP,20,17,#27408B,1,1,71,71 - AZ08 - 24,30,26 de 30
AZ08,24,Chip 2,INFRA,37,3,#000000,0,1,71,71 - AZ08 - 24,0,
AZ08,25,Chip 1,SGSN-MME GPB/LC,0,17,#B2005F,1,2,72,72 - AZ08 - 25,19,10 de 19
AZ08,25,Chip 1,INFRA,17,3,#000000,0,1,72,72 - AZ08 - 25,0,
AZ08,25,Chip 2,SAPC-PCRF TP,20,17,#27408B,1,1,72,72 - AZ08 - 25,30,27 de 30
AZ08,25,Chip 2,INFRA,37,3,#000000,0,1,72,72 - AZ08 - 25,0,
AZ08,26,Chip 1,SAPC-PCRF TP,0,17,#27408B,1,1,73,73 - AZ08 - 26,30,11 de 30
AZ08,26,Chip 1,INFRA,17,3,#000000,0,1,73,73 - AZ08 - 26,0,
AZ08,26,Chip 2,SGSN-MME GPB/LC,20,17,#B2005F,1,2,73,73 - AZ08 - 26,19,18 de 19
AZ08,26,Chip 2,INFRA,37,3,#000000,0,1,73,73 - AZ08 - 26,0,
AZ08,27,Chip 1,SGSN-MME GPB/LC,0,17,#B2005F,1,2,74,74 - AZ08 - 27,19,11 de 19
AZ08,27,Chip 1,INFRA,17,3,#000000,0,1,74,74 - AZ08 - 27,0,
AZ08,27,Chip 2,SAPC-PCRF TP,20,17,#27408B,1,1,74,74 - AZ08 - 27,30,28 de 30
AZ08,27,Chip 2,INFRA,37,3,#000000,0,1,74,74 - AZ08 - 27,0,
AZ08,28,Chip 1,SAPC-PCRF TP,0,17,#27408B,1,1,75,75 - AZ08 - 28,30,12 de 30
AZ08,28,Chip 1,INFRA,17,3,#000000,0,1,75,75 - AZ08 - 28,0,
AZ08,28,Chip 2,SGSN-MME GPB/LC,20,17,#B2005F,1,2,75,75 - AZ08 - 28,19,19 de 19
AZ08,28,Chip 2,INFRA,37,3,#000000,0,1,75,75 - AZ08 - 28,0,
AZ08,29,Chip 1,EPG-C SFOC,0,17,#00BFFF,1,2,76,76 - AZ08 - 29,8,5 de 8
AZ08,29,Chip 1,INFRA,17,3,#000000,0,1,76,76 - AZ08 - 29,0,
AZ08,29,Chip 2,SAPC-PCRF TP,20,17,#27408B,1,1,76,76 - AZ08 - 29,30,29 de 30
AZ08,29,Chip 2,INFRA,37,3,#000000,0,1,76,76 - AZ08 - 29,0,
AZ08,30,Chip 1,INFRA,17,3,#000000,0,1,77,77 - AZ08 - 30,0,
AZ08,30,Chip 2,SAPC-PCRF TP,20,17,#27408B,1,1,77,77 - AZ08 - 30,30,30 de 30
AZ08,30,Chip 2,INFRA,37,3,#000000,0,1,77,77 - AZ08 - 30,0,
AZ09,1,Chip 1,HSS-FE SC,0,2,#43A047,1,1,78,78 - AZ09 - 1,2,1 de 2
AZ09,1,Chip 1,MTAS-1 SC,2,5,#F7C7AC,1,1,78,78 - AZ09 - 1,2,1 de 2
AZ09,1,Chip 1,MTAS-2 SC,7,5,#FADECE,2,1,78,78 - AZ09 - 1,2,1 de 2
AZ09,1,Chip 1,SAPC-PCRF SC,12,2,#27408B,1,1,78,78 - AZ09 - 1,2,1 de 2
AZ09,1,Chip 1,SGSN-MME FSB,14,2,#B2005F,1,1,78,78 - AZ09 - 1,2,1 de 2
AZ09,1,Chip 1,INFRA,17,3,#000000,0,1,78,78 - AZ09 - 1,0,
AZ09,1,Chip 2,DRA SC,20,3,#FDD835,1,1,78,78 - AZ09 - 1,2,2 de 2
AZ09,1,Chip 2,EPG-U RP,23,2,#1E88E5,1,1,78,78 - AZ09 - 1,2,2 de 2
AZ09,1,Chip 2,HLR-FE AP - SC,25,5,#8BC34A,1,1,78,78 - AZ09 - 1,2,1 de 2
AZ09,1,Chip 2,PDRA SC,30,3,#FF7300,1,1,78,78 - AZ09 - 1,2,2 de 2
AZ09,1,Chip 2,SGSN-MME NCB,33,4,#B2005F,1,1,78,78 - AZ09 - 1,2,2 de 2
AZ09,1,Chip 2,INFRA,37,3,#000000,0,1,78,78 - AZ09 - 1,0,
AZ09,2,Chip 1,DRA SC,0,3,#FDD835,1,1,79,79 - AZ09 - 2,2,1 de 2
AZ09,2,Chip 1,EPG-U RP,3,2,#1E88E5,1,1,79,79 - AZ09 - 2,2,1 de 2
AZ09,2,Chip 1,INFRA,17,3,#000000,0,1,79,79 - AZ09 - 2,0,
AZ09,2,Chip 2,CSCF SC,20,4,#02675F,1,1,79,79 - AZ09 - 2,2,1 de 2
AZ09,2,Chip 2,EPG-C RP,24,2,#00BFFF,1,1,79,79 - AZ09 - 2,2,1 de 2
AZ09,2,Chip 2,HLR-FE AP - SC,26,5,#8BC34A,1,1,79,79 - AZ09 - 2,2,2 de 2
AZ09,2,Chip 2,SAPC-PCRF SC,31,2,#27408B,1,1,79,79 - AZ09 - 2,2,2 de 2
AZ09,2,Chip 2,SBG SC,33,4,#00A6A6,1,1,79,79 - AZ09 - 2,2,2 de 2
AZ09,2,Chip 2,INFRA,37,3,#000000,0,1,79,79 - AZ09 - 2,0,
AZ09,3,Chip 1,MTAS-2 SC,0,5,#FADECE,2,1,80,80 - AZ09 - 3,2,2 de 2
AZ09,3,Chip 1,PDRA SC,5,3,#FF7300,1,1,80,80 - AZ09 - 3,2,1 de 2
AZ09,3,Chip 1,SBG SC,8,4,#00A6A6,1,1,80,80 - AZ09 - 3,2,1 de 2
AZ09,3,Chip 1,SGSN-MME NCB,12,4,#B2005F,1,1,80,80 - AZ09 - 3,2,1 de 2
AZ09,3,Chip 1,INFRA,17,3,#000000,0,1,80,80 - AZ09 - 3,0,
AZ09,3,Chip 2,CSCF SC,20,4,#02675F,1,1,80,80 - AZ09 - 3,2,2 de 2
AZ09,3,Chip 2,EPG-C RP,24,2,#00BFFF,1,1,80,80 - AZ09 - 3,2,2 de 2
AZ09,3,Chip 2,HSS-FE SC,26,2,#43A047,1,1,80,80 - AZ09 - 3,2,2 de 2
AZ09,3,Chip 2,MTAS-1 SC,28,5,#F7C7AC,1,1,80,80 - AZ09 - 3,2,2 de 2
AZ09,3,Chip 2,SGSN-MME FSB,33,2,#B2005F,1,1,80,80 - AZ09 - 3,2,2 de 2
AZ09,3,Chip 2,INFRA,37,3,#000000,0,1,80,80 - AZ09 - 3,0,
